{
  "best_model": "gradient_boosting",
  "best_metric": "cv_pr_auc_mean",
  "best_metric_value": 0.7377406631765941,
  "threshold_max_f1": 0.51936668573961,
  "threshold_prec70": 0.5370446479763985,
  "brier_before_calibration": 0.15437017813095813,
  "brier_after_calibration": 0.16837165385866934,
  "temporal_pr_auc_2014": 0.8056353144891477,
  "top_cv_models": [
    {
      "model": "gradient_boosting",
      "cv_accuracy_mean": 0.7835161569933347,
      "cv_accuracy_std": 0.0052931052721387,
      "train_accuracy_mean": 0.8122559904836397,
      "cv_precision_mean": 0.6612742885673053,
      "cv_precision_std": 0.0087198404601054,
      "train_precision_mean": 0.7052034937864572,
      "cv_recall_mean": 0.6365094900491967,
      "cv_recall_std": 0.0107390843595621,
      "train_recall_mean": 0.6908000992561366,
      "cv_f1_mean": 0.6486319544957561,
      "cv_f1_std": 0.0090295543381171,
      "train_f1_mean": 0.6979073989121318,
      "cv_roc_auc_mean": 0.8144883102393911,
      "cv_roc_auc_std": 0.0068607127316383,
      "train_roc_auc_mean": 0.8711749313020778,
      "cv_pr_auc_mean": 0.7377406631765941,
      "cv_pr_auc_std": 0.0085266452643219,
      "train_pr_auc_mean": 0.789139685905198
    },
    {
      "model": "lightgbm",
      "cv_accuracy_mean": 0.7839375246514513,
      "cv_accuracy_std": 0.0070806965649493,
      "train_accuracy_mean": 0.9068122630051572,
      "cv_precision_mean": 0.6661117953629832,
      "cv_precision_std": 0.0112315549731355,
      "train_precision_mean": 0.834133175149454,
      "cv_recall_mean": 0.6250478589795039,
      "cv_recall_std": 0.014637604974808,
      "train_recall_mean": 0.8777282891141669,
      "cv_f1_mean": 0.64490242470237,
      "cv_f1_std": 0.0126217907920333,
      "train_f1_mean": 0.8553622152954002,
      "cv_roc_auc_mean": 0.809951112115377,
      "cv_roc_auc_std": 0.0070154027341243,
      "train_roc_auc_mean": 0.9645217425412628,
      "cv_pr_auc_mean": 0.7362242559447582,
      "cv_pr_auc_std": 0.0101348590155425,
      "train_pr_auc_mean": 0.914967769499668
    },
    {
      "model": "random_forest",
      "cv_accuracy_mean": 0.7940054556994742,
      "cv_accuracy_std": 0.0041600768958196,
      "train_accuracy_mean": 0.8791344466164468,
      "cv_precision_mean": 0.7065013779114014,
      "cv_precision_std": 0.0075487733652793,
      "train_precision_mean": 0.826749002172271,
      "cv_recall_mean": 0.5882214146638723,
      "cv_recall_std": 0.0087254894046366,
      "train_recall_mean": 0.7780758435842247,
      "cv_f1_mean": 0.6419431780184948,
      "cv_f1_std": 0.0078200702692506,
      "train_f1_mean": 0.8016719139279296,
      "cv_roc_auc_mean": 0.813427818151973,
      "cv_roc_auc_std": 0.0057634577627654,
      "train_roc_auc_mean": 0.9566052743158396,
      "cv_pr_auc_mean": 0.7342905754231877,
      "cv_pr_auc_std": 0.0079794692339361,
      "train_pr_auc_mean": 0.8950430024639673
    },
    {
      "model": "lasso",
      "cv_accuracy_mean": 0.7737923792511117,
      "cv_accuracy_std": 0.0042146526973658,
      "train_accuracy_mean": 0.773916643290528,
      "cv_precision_mean": 0.633601561389139,
      "cv_precision_std": 0.0057298222834833,
      "train_precision_mean": 0.6334591576749876,
      "cv_recall_mean": 0.6626028893744148,
      "cv_recall_std": 0.0093752184625863,
      "train_recall_mean": 0.6642178978888554,
      "cv_f1_mean": 0.6477728454083226,
      "cv_f1_std": 0.0074380666097813,
      "train_f1_mean": 0.6484721464539096,
      "cv_roc_auc_mean": 0.8119982758266575,
      "cv_roc_auc_std": 0.0057951438689554,
      "train_roc_auc_mean": 0.8154036090305322,
      "cv_pr_auc_mean": 0.7225900144889121,
      "cv_pr_auc_std": 0.0090437568947603,
      "train_pr_auc_mean": 0.7252314119206072
    },
    {
      "model": "ridge",
      "cv_accuracy_mean": 0.770844842227782,
      "cv_accuracy_std": 0.0043117060019381,
      "train_accuracy_mean": 0.7726724858596343,
      "cv_precision_mean": 0.6276754667629337,
      "cv_precision_std": 0.0059298229562854,
      "train_precision_mean": 0.6302714348080116,
      "cv_recall_mean": 0.6638232933517635,
      "cv_recall_std": 0.0102105623758284,
      "train_recall_mean": 0.6674491730514013,
      "cv_f1_mean": 0.6452302200202942,
      "cv_f1_std": 0.0076503760294555,
      "train_f1_mean": 0.6483267942864742,
      "cv_roc_auc_mean": 0.812300255318559,
      "cv_roc_auc_std": 0.0053985205726439,
      "train_roc_auc_mean": 0.8164920507194374,
      "cv_pr_auc_mean": 0.7222463738768765,
      "cv_pr_auc_std": 0.0090318179312309,
      "train_pr_auc_mean": 0.7262908023858162
    }
  ],
  "top_holdout_models": [
    {
      "accuracy": 0.7969401947148818,
      "precision": 0.6616238023197176,
      "recall": 0.6710997442455243,
      "f1": 0.6663280853224988,
      "roc_auc": 0.8327775185246432,
      "pr_auc": 0.7511951179286056,
      "brier": 0.1543701781309581,
      "model": "gradient_boosting"
    },
    {
      "accuracy": 0.7995673002627105,
      "precision": 0.672071129707113,
      "recall": 0.6572890025575447,
      "f1": 0.6645978794931472,
      "roc_auc": 0.8290789893960433,
      "pr_auc": 0.7486814152501285,
      "brier": 0.1500445361359435,
      "model": "lightgbm"
    },
    {
      "accuracy": 0.80837583062896,
      "precision": 0.7099236641221374,
      "recall": 0.6184143222506394,
      "f1": 0.6610169491525424,
      "roc_auc": 0.8296926642186123,
      "pr_auc": 0.7449010442763545,
      "brier": 0.1477566884889078,
      "model": "random_forest"
    },
    {
      "accuracy": 0.7834955957348169,
      "precision": 0.6275322283609577,
      "recall": 0.6971867007672634,
      "f1": 0.6605282287375818,
      "roc_auc": 0.8258292765251825,
      "pr_auc": 0.7278421488311058,
      "brier": 0.1625693606205351,
      "model": "logistic_regression"
    },
    {
      "accuracy": 0.7831865244938958,
      "precision": 0.6270718232044199,
      "recall": 0.6966751918158568,
      "f1": 0.6600436152168645,
      "roc_auc": 0.8257769476643432,
      "pr_auc": 0.7277930307826458,
      "brier": 0.1626189098629476,
      "model": "ridge"
    }
  ]
}