{
  "model": "neural_network_keras",
  "accuracy": 0.770360067995673,
  "precision": 0.6138902379796017,
  "recall": 0.6465473145780051,
  "f1": 0.6297957149975087,
  "roc_auc": 0.8089780807767324,
  "pr_auc": 0.7141751564579583,
  "brier": 0.19109883904457092
}