{
  "default_threshold": 0.5,
  "threshold_max_f1": 0.51936668573961,
  "threshold_prec70_max_recall": 0.5370446479763985,
  "metrics_at_0.5": {
    "accuracy": 0.7969401947148818,
    "precision": 0.6616238023197176,
    "recall": 0.6710997442455243,
    "f1": 0.6663280853224988,
    "roc_auc": 0.8327775185246432,
    "pr_auc": 0.7511951179286056,
    "brier": 0.15437017813095813
  },
  "metrics_at_max_f1": {
    "accuracy_opt": 0.804203368876526,
    "precision_opt": 0.6825902335456475,
    "recall_opt": 0.6578005115089514,
    "f1_opt": 0.6699661370148476,
    "roc_auc_opt": 0.8327775185246432,
    "pr_auc_opt": 0.7511951179286056,
    "brier_opt": 0.15437017813095813
  },
  "metrics_at_prec70": {
    "accuracy_opt": 0.8082212950084995,
    "precision_opt": 0.7001121076233184,
    "recall_opt": 0.6388746803069054,
    "f1_opt": 0.6680930730141749,
    "roc_auc_opt": 0.8327775185246432,
    "pr_auc_opt": 0.7511951179286056,
    "brier_opt": 0.15437017813095813
  }
}